{
  "best_params": {
    "np_thresh": 0.41503583778106,
    "overall_thresh": 0.7,
    "ksize": 19,
    "marker_ksize": 7,
    "min_area": 2
  },
  "best_pq": 0.45968565372994935
}