{
  "overall": {
    "PQ": {
      "mean": 0.4597544807094303,
      "std": 0.003094592906147941,
      "values": [
        0.4573322764968314,
        0.4578089306419035,
        0.4641222349895562
      ]
    },
    "DQ": {
      "mean": 0.5939501545503633,
      "std": 0.0016675189709282226,
      "values": [
        0.5916753041295243,
        0.5945493224341121,
        0.5956258370874535
      ]
    },
    "SQ": {
      "mean": 0.7740574851324347,
      "std": 0.0038405250837415354,
      "values": [
        0.7729446764210322,
        0.770010011562176,
        0.779217767414096
      ]
    },
    "F1": {
      "mean": 0.5939501495510839,
      "std": 0.0016675189707947259,
      "values": [
        0.5916752991305989,
        0.5945493174341541,
        0.5956258320884988
      ]
    },
    "Precision": {
      "mean": 0.59458956771167,
      "std": 0.008751703385473512,
      "values": [
        0.583127236977437,
        0.5962772569968424,
        0.6043642091607307
      ]
    },
    "Recall": {
      "mean": 0.5934818805287976,
      "std": 0.005465893093344508,
      "values": [
        0.6004777120439432,
        0.592831373596908,
        0.5871365559455416
      ]
    },
    "cls_acc": {
      "mean": 0.7624641706282024,
      "std": 0.02785530115981656,
      "values": [
        0.78801261829653,
        0.7756578947368421,
        0.7237219988512349
      ]
    },
    "global_cls_acc": {
      "mean": 0.7624641706282024,
      "std": 0.02785530115981656,
      "values": [
        0.78801261829653,
        0.7756578947368421,
        0.7237219988512349
      ]
    }
  },
  "per_class": {
    "Neoplastic": {
      "PQ": {
        "mean": 0.40464755359260457,
        "std": 0.0007164691200175149,
        "values": [
          0.4040483170910876,
          0.4042395853035353,
          0.4056547583831907
        ]
      },
      "DQ": {
        "mean": 0.5135682029872299,
        "std": 0.0015027370179643948,
        "values": [
          0.5147308937288949,
          0.5145274550645245,
          0.5114462601682703
        ]
      },
      "SQ": {
        "mean": 0.7879247986071268,
        "std": 0.0037068495541147943,
        "values": [
          0.7849700144549898,
          0.785652118899086,
          0.7931522624673044
        ]
      },
      "F1": {
        "mean": 0.5135681979920886,
        "std": 0.0015027370193559059,
        "values": [
          0.5147308887375802,
          0.5145274500673398,
          0.5114462551713457
        ]
      },
      "Precision": {
        "mean": 0.5070633847373234,
        "std": 0.01277256471378583,
        "values": [
          0.49413623595488265,
          0.5026011075681731,
          0.5244528106889143
        ]
      },
      "Recall": {
        "mean": 0.5210732329223512,
        "std": 0.0160945246758348,
        "values": [
          0.5371169039347593,
          0.5270335664948629,
          0.4990692283374314
        ]
      }
    },
    "Inflammatory": {
      "PQ": {
        "mean": 0.4417466457601072,
        "std": 0.003782979663437351,
        "values": [
          0.44063625379647314,
          0.4377695492793515,
          0.44683413420449697
        ]
      },
      "DQ": {
        "mean": 0.5557138731695687,
        "std": 0.0034229809980493007,
        "values": [
          0.5550183716877247,
          0.551912840156657,
          0.5602104076643244
        ]
      },
      "SQ": {
        "mean": 0.794905781811121,
        "std": 0.0019409370486077316,
        "values": [
          0.7939129158117757,
          0.7931860203765222,
          0.7976184092450649
        ]
      },
      "F1": {
        "mean": 0.5557138681791604,
        "std": 0.0034229809917706686,
        "values": [
          0.555018366698406,
          0.5519128351733371,
          0.5602104026657378
        ]
      },
      "Precision": {
        "mean": 0.5791497526631146,
        "std": 0.006800046226226632,
        "values": [
          0.5819140308185503,
          0.5857444561767837,
          0.5697907709940099
        ]
      },
      "Recall": {
        "mean": 0.5344072987649505,
        "std": 0.012225428349436105,
        "values": [
          0.5304990757850919,
          0.5217759382931786,
          0.5509468822165811
        ]
      }
    },
    "Connective": {
      "PQ": {
        "mean": 0.33032071189267626,
        "std": 0.0062934481302815235,
        "values": [
          0.32685510200128526,
          0.3249539819864722,
          0.3391530516902712
        ]
      },
      "DQ": {
        "mean": 0.4418383831263745,
        "std": 0.005612302601661399,
        "values": [
          0.4374386580611858,
          0.43831734317317295,
          0.44975914814476475
        ]
      },
      "SQ": {
        "mean": 0.7475487063146314,
        "std": 0.005194669351243775,
        "values": [
          0.7472021413231443,
          0.741366927517741,
          0.7540770501030089
        ]
      },
      "F1": {
        "mean": 0.44183837812812704,
        "std": 0.005612302601422784,
        "values": [
          0.43743865306435875,
          0.43831733817374713,
          0.44975914314627524
        ]
      },
      "Precision": {
        "mean": 0.4341452002193729,
        "std": 0.006290143192066824,
        "values": [
          0.4266898752535963,
          0.433670191015577,
          0.44207553438894553
        ]
      },
      "Recall": {
        "mean": 0.4498409113135164,
        "std": 0.006030775963921203,
        "values": [
          0.4487429826699727,
          0.4430651706848633,
          0.4577145805857131
        ]
      }
    },
    "Dead": {
      "PQ": {
        "mean": 0.2369193069851386,
        "std": 0.043261416567005426,
        "values": [
          0.29807183240459056,
          0.20795602945619235,
          0.2047300590946328
        ]
      },
      "DQ": {
        "mean": 0.3378680597792241,
        "std": 0.05933490039649654,
        "values": [
          0.4216553878144544,
          0.299937772242689,
          0.2920110192805288
        ]
      },
      "SQ": {
        "mean": 0.7004476969311441,
        "std": 0.005562601028781153,
        "values": [
          0.7069086296802983,
          0.6933305795153394,
          0.7011038815977945
        ]
      },
      "F1": {
        "mean": 0.33786805484126053,
        "std": 0.059334900350953235,
        "values": [
          0.4216553828146834,
          0.2999377672928759,
          0.2920110144162224
        ]
      },
      "Precision": {
        "mean": 0.3691552856141123,
        "std": 0.03971409195335885,
        "values": [
          0.4245283018823425,
          0.3333333333287229,
          0.3496042216312717
        ]
      },
      "Recall": {
        "mean": 0.3140516952994678,
        "std": 0.07462142677029739,
        "values": [
          0.41882109616940205,
          0.27262443438605627,
          0.2507095553429451
        ]
      }
    },
    "Epithelial": {
      "PQ": {
        "mean": 0.4127821040534862,
        "std": 0.010170863130864703,
        "values": [
          0.4044817433670553,
          0.4067589027270433,
          0.42710566606635986
        ]
      },
      "DQ": {
        "mean": 0.5346552698982684,
        "std": 0.008668235172416012,
        "values": [
          0.5266544117641008,
          0.5306122448973438,
          0.5466991530333604
        ]
      },
      "SQ": {
        "mean": 0.7719498977127289,
        "std": 0.006598358595690194,
        "values": [
          0.7680211811219926,
          0.7665840859078723,
          0.7812444261083222
        ]
      },
      "F1": {
        "mean": 0.5346552649013466,
        "std": 0.00866823517320728,
        "values": [
          0.5266544067653577,
          0.5306122399014124,
          0.5466991480372696
        ]
      },
      "Precision": {
        "mean": 0.5479189099536929,
        "std": 0.011206354826325374,