{
  "overall": {
    "PQ": {
      "mean": 0.46123107201807917,
      "std": 0.00820084300023546,
      "values": [
        0.4589059730595549,
        0.45255359228007935,
        0.4722336507146032
      ]
    },
    "DQ": {
      "mean": 0.5936409042376836,
      "std": 0.007466026763399056,
      "values": [
        0.5906925507305052,
        0.5863348337199702,
        0.6038953282625755
      ]
    },
    "SQ": {
      "mean": 0.7501802925757852,
      "std": 0.006756326669579214,
      "values": [
        0.753476818375892,
        0.7407653306770566,
        0.7562987286744073
      ]
    },
    "F1": {
      "mean": 0.5936408994758753,
      "std": 0.007466026752117029,
      "values": [
        0.5906925459579517,
        0.5863348289806304,
        0.6038953234890435
      ]
    },
    "Precision": {
      "mean": 0.5998953078597149,
      "std": 0.009855858240135521,
      "values": [
        0.5936940634702657,
        0.5921855027506179,
        0.6138063573582613
      ]
    },
    "Recall": {
      "mean": 0.6082048946772499,
      "std": 0.00604626746682157,
      "values": [
        0.6093166188488987,
        0.6003067524656646,
        0.6149913127171868
      ]
    },
    "cls_acc": {
      "mean": 0.8339432771262011,
      "std": 0.008176257058937667,
      "values": [
        0.8410181922426407,
        0.8224852166040572,
        0.8383264225319051
      ]
    }
  },
  "per_class": {
    "Neoplastic": {
      "PQ": {
        "mean": 0.3637191837429416,
        "std": 0.00787908658192947
      },
      "DQ": {
        "mean": 0.45683357144372155,
        "std": 0.00898674472177339
      },
      "SQ": {
        "mean": 0.6542707794732352,
        "std": 0.011141248403715304
      }
    },
    "Inflammatory": {
      "PQ": {
        "mean": 0.29463978888155257,
        "std": 0.004196806704690727
      },
      "DQ": {
        "mean": 0.36598821848810914,
        "std": 0.005193371907245929
      },
      "SQ": {
        "mean": 0.4718699233945321,
        "std": 0.002668199794160714
      }
    },
    "Connective": {
      "PQ": {
        "mean": 0.26605826156183293,
        "std": 0.004982430088818793
      },
      "DQ": {
        "mean": 0.35489657033269156,
        "std": 0.004835772916210575
      },
      "SQ": {
        "mean": 0.5329121189956427,
        "std": 0.0050681127369699526
      }
    },
    "Dead": {
      "PQ": {
        "mean": 0.08900247376785948,
        "std": 0.030444567006646245
      },
      "DQ": {
        "mean": 0.12598427732398465,
        "std": 0.04321913417735011
      },
      "SQ": {
        "mean": 0.22170890740049568,
        "std": 0.05047161409860986
      }
    },
    "Epithelial": {
      "PQ": {
        "mean": 0.3388747292065693,
        "std": 0.014096615755588135
      },
      "DQ": {
        "mean": 0.4382823775594337,
        "std": 0.013921322984214397
      },
      "SQ": {
        "mean": 0.6192958104397738,
        "std": 0.0108746955414969
      }
    }
  },
  "fold_details": {
    "Fold1": {
      "PQ": 0.4589059730595549,
      "DQ": 0.5906925507305052,
      "SQ": 0.753476818375892,
      "F1": 0.5906925459579517,
      "Precision": 0.5936940634702657,
      "Recall": 0.6093166188488987,
      "cls_acc": 0.8410181922426407,
      "per_class": {
        "Neoplastic": {
          "PQ": 0.3683786824157597,
          "DQ": 0.4639464652147879,
          "SQ": 0.6625814560584369
        },
        "Inflammatory": {
          "PQ": 0.29252304419998476,
          "DQ": 0.36350621597189264,
          "SQ": 0.4712968684381524
        },
        "Connective": {
          "PQ": 0.2608656494269422,
          "DQ": 0.3483655627769807,
          "SQ": 0.5261362498456884
        },
        "Dead": {
          "PQ": 0.12856852923808823,
          "DQ": 0.18266263832990315,
          "SQ": 0.28545942028593535
        },
        "Epithelial": {
          "PQ": 0.3314461283106809,
          "DQ": 0.431085440954387,
          "SQ": 0.6191145442767458
        }
      }
    },
    "Fold2": {
      "PQ": 0.45255359228007935,
      "DQ": 0.5863348337199702,
      "SQ": 0.7407653306770566,
      "F1": 0.5863348289806304,
      "Precision": 0.5921855027506179,
      "Recall": 0.6003067524656646,
      "cls_acc": 0.8224852166040572,
      "per_class": {
        "Neoplastic": {
          "PQ": 0.3526237734424742,
          "DQ": 0.4441558621624108,
          "SQ": 0.6385227445568082
        },
        "Inflammatory": {
          "PQ": 0.2908961487546729,
          "DQ": 0.3612428673273752,
          "SQ": 0.4689264909310098
        },
        "Connective": {
          "PQ": 0.2645297041409445,
          "DQ": 0.3564052289904039,
          "SQ": 0.534276604036043
        },
        "Dead": {
          "PQ": 0.08392328672925524,
          "DQ": 0.1174570347328444,
          "SQ": 0.21763616567697053
        },
        "Epithelial": {
          "PQ": 0.32656767577326334,
          "DQ": 0.42601081347152286,
          "SQ": 0.6060686410894305
        }
      }
    },
    "Fold3": {
      "PQ": 0.4722336507146032,
      "DQ": 0.6038953282625755,
      "SQ": 0.7562987286744073,
      "F1": 0.6038953234890435,
      "Precision": 0.6138063573582613,
      "Recall": 0.6149913127171868,
      "cls_acc": 0.8383264225319051,
      "per_class": {
        "Neoplastic": {
          "PQ": 0.3701550953705909,
          "DQ": 0.4623983869539662,
          "SQ": 0.6617081378044604
        },
        "Inflammatory": {
          "PQ": 0.30050017369000004,
          "DQ": 0.37321557216505963,
          "SQ": 0.47538641081443417
        },
        "Connective": {
          "PQ": 0.2727794311176121,
          "DQ": 0.35991891923068986,
          "SQ": 0.5383235031051966
        },
        "Dead": {
          "PQ": 0.05451560533623503,
          "DQ": 0.07783315890920638,
          "SQ": 0.16203113623858123
        },
        "Epithelial": {
          "PQ": 0.3586103835357636,
          "DQ": 0.45775087825239114,
          "SQ": 0.6327042459531451
        }
      }
    }
  }
}