{
  "TPb": 37943,
  "FPb": 27107,
  "FNb": 25275,
  "IoU_sum_b": 29328.226069272223,
  "PQb": 0.46158951643174917,
  "DQb": 0.5941775248394827,
  "SQb": 0.7581711429199208,
  "Fd": 0.7454345728179017,
  "Precision_b": 0.5832897770944531,
  "Recall_b": 0.6001929830110728,
  "TPm": 32142,
  "FPm": 31257,
  "FNm": 31076,
  "IoU_sum_m": 24895.405096590745,
  "PQM": 0.3031888654285174,
  "DQm": 0.5077043367003629,
  "SQm": 0.7745443686324124,
  "F1m": 0.5077043367004029,
  "Precision_m": 0.5069796053564715,
  "Recall_m": 0.5084311430288038,
  "cls_acc": 0.7878787878787878,
  "per_class": {
    "Neoplastic": {
      "TP": 14064,
      "FP": 13797,
      "FN": 12137,
      "IoU_sum": 11039.784512680151,
      "PQ": 0.39719355467315215,
      "DQ": 0.5202915171467869,
      "SQ": 0.7849676132446175,
      "F1": 0.5202915171468832,
      "Precision": 0.5047916442336942,
      "Recall": 0.5367734055950014
    },
    "Inflammatory": {
      "TP": 5730,
      "FP": 3862,
      "FN": 5090,
      "IoU_sum": 4549.628931636009,
      "PQ": 0.32261487739654404,
      "DQ": 0.561434450322789,
      "SQ": 0.7940015587483541,
      "F1": 0.5614344503230642,
      "Precision": 0.5973728106749402,
      "Recall": 0.5295748613673479
    },
    "Connective": {
      "TP": 7356,
      "FP": 9468,
      "FN": 9032,
      "IoU_sum": 5496.678910746463,
      "PQ": 0.28081281301945554,
      "DQ": 0.44297241960710404,
      "SQ": 0.7472374810683783,
      "F1": 0.4429724196072375,
      "Precision": 0.4372325249640768,
      "Recall": 0.4488650231874244
    },
    "Dead": {
      "TP": 405,
      "FP": 539,
      "FN": 562,
      "IoU_sum": 286.3034271004626,
      "PQ": 0.14245424268603427,
      "DQ": 0.423861852428845,
      "SQ": 0.7069220422059096,
      "F1": 0.423861852431063,
      "Precision": 0.4290254237242688,
      "Recall": 0.41882109616940205
    },
    "Epithelial": {
      "TP": 4587,
      "FP": 3591,
      "FN": 4255,
      "IoU_sum": 3523.009314427659,
      "PQ": 0.3728688393674011,
      "DQ": 0.5390129259688142,
      "SQ": 0.7680421439764505,
      "F1": 0.539012925969131,
      "Precision": 0.5608950843720214,
      "Recall": 0.5187740330236159
    }
  }
}