{
  "PQ": 0.45255359228007935,
  "DQ": 0.5863348337199702,
  "SQ": 0.7407653306770566,
  "F1": 0.5863348289806304,
  "Precision": 0.5921855027506179,
  "Recall": 0.6003067524656646,
  "cls_acc": 0.8224852166040572,
  "per_class": {
    "Neoplastic": {
      "PQ": 0.3526237734424742,
      "DQ": 0.4441558621624108,
      "SQ": 0.6385227445568082
    },
    "Inflammatory": {
      "PQ": 0.2908961487546729,
      "DQ": 0.3612428673273752,
      "SQ": 0.4689264909310098
    },
    "Connective": {
      "PQ": 0.2645297041409445,
      "DQ": 0.3564052289904039,
      "SQ": 0.534276604036043
    },
    "Dead": {
      "PQ": 0.08392328672925524,
      "DQ": 0.1174570347328444,
      "SQ": 0.21763616567697053
    },
    "Epithelial": {
      "PQ": 0.32656767577326334,
      "DQ": 0.42601081347152286,
      "SQ": 0.6060686410894305
    }
  }
}