{
  "PQ": 0.4722336507146032,
  "DQ": 0.6038953282625755,
  "SQ": 0.7562987286744073,
  "F1": 0.6038953234890435,
  "Precision": 0.6138063573582613,
  "Recall": 0.6149913127171868,
  "cls_acc": 0.8383264225319051,
  "per_class": {
    "Neoplastic": {
      "PQ": 0.3701550953705909,
      "DQ": 0.4623983869539662,
      "SQ": 0.6617081378044604
    },
    "Inflammatory": {
      "PQ": 0.30050017369000004,
      "DQ": 0.37321557216505963,
      "SQ": 0.47538641081443417
    },
    "Connective": {
      "PQ": 0.2727794311176121,
      "DQ": 0.35991891923068986,
      "SQ": 0.5383235031051966
    },
    "Dead": {
      "PQ": 0.05451560533623503,
      "DQ": 0.07783315890920638,
      "SQ": 0.16203113623858123
    },
    "Epithelial": {
      "PQ": 0.3586103835357636,
      "DQ": 0.45775087825239114,
      "SQ": 0.6327042459531451
    }
  }
}