{
  "TP": 35494,
  "FP": 24032,
  "FN": 24378,
  "IoU_sum": 27330.73535039557,
  "PQ": 0.4578089306419035,
  "DQ": 0.5945493224341121,
  "SQ": 0.770010011562176,
  "F1": 0.5945493174341541,
  "Precision": 0.5962772569968424,
  "Recall": 0.592831373596908,
  "cls_acc": 0.7756578947368421,
  "global_cls_acc": 0.7756578947368421,
  "per_class": {
    "Neoplastic": {
      "TP": 11980,
      "FP": 11856,
      "FN": 10751,
      "IoU_sum": 9412.112384418908,
      "PQ": 0.4042395853035353,
      "DQ": 0.5145274550645245,
      "SQ": 0.785652118899086,
      "F1": 0.5145274500673398,
      "Precision": 0.5026011075681731,
      "Recall": 0.5270335664948629
    },
    "Inflammatory": {
      "TP": 5547,
      "FP": 3923,
      "FN": 5084,
      "IoU_sum": 4399.802855036501,
      "PQ": 0.4377695492793515,
      "DQ": 0.551912840156657,
      "SQ": 0.7931860203765222,
      "F1": 0.5519128351733371,
      "Precision": 0.5857444561767837,
      "Recall": 0.5217759382931786
    },
    "Connective": {
      "TP": 7424,
      "FP": 9695,
      "FN": 9332,
      "IoU_sum": 5503.908069899123,
      "PQ": 0.3249539819864722,
      "DQ": 0.43831734317317295,
      "SQ": 0.741366927517741,
      "F1": 0.43831733817374713,
      "Precision": 0.433670191015577,
      "Recall": 0.4430651706848633
    },
    "Dead": {
      "TP": 241,
      "FP": 482,
      "FN": 643,
      "IoU_sum": 167.0926696701301,
      "PQ": 0.20795602945619235,
      "DQ": 0.299937772242689,
      "SQ": 0.6933305795153394,
      "F1": 0.2999377672928759,
      "Precision": 0.3333333333287229,
      "Recall": 0.27262443438605627
    },
    "Epithelial": {
      "TP": 4576,
      "FP": 3802,
      "FN": 4294,
      "IoU_sum": 3507.8887771220893,
      "PQ": 0.4067589027270433,
      "DQ": 0.5306122448973438,
      "SQ": 0.7665840859078723,
      "F1": 0.5306122399014124,
      "Precision": 0.5461924086887727,
      "Recall": 0.5158962795935559
    }
  }
}