{
  "TPb": 35505,
  "FPb": 24005,
  "FNb": 24367,
  "IoU_sum_b": 27337.547551912314,
  "PQb": 0.4547011827439767,
  "DQb": 0.5891222599973538,
  "SQb": 0.7441614174595914,
  "Fd": 0.7414435894833125,
  "Precision_b": 0.5966224164005047,
  "Recall_b": 0.5930150988775066,
  "TPm": 29781,
  "FPm": 28204,
  "FNm": 30091,
  "IoU_sum_m": 22998.753300332282,
  "PQM": 0.2882697624016968,
  "DQm": 0.5053751580304089,
  "SQm": 0.7722626271893005,
  "F1m": 0.5053751580304517,
  "Precision_m": 0.5135983443993251,
  "Recall_m": 0.49741114377330015,
  "cls_acc": 0.7764628533859304,
  "per_class": {
    "Neoplastic": {
      "TP": 11983,
      "FP": 11234,
      "FN": 10748,
      "IoU_sum": 9414.155678003764,
      "PQ": 0.3906138351347825,
      "DQ": 0.5215896230519188,
      "SQ": 0.7856259432526002,
      "F1": 0.5215896230520324,
      "Precision": 0.5161304216735512,
      "Recall": 0.5271655448504126
    },
    "Inflammatory": {
      "TP": 5550,
      "FP": 3640,
      "FN": 5081,
      "IoU_sum": 4401.6421408164615,
      "PQ": 0.3210115985224671,
      "DQ": 0.5600121083693456,
      "SQ": 0.7930886740195551,
      "F1": 0.5600121083696281,
      "Precision": 0.6039173014139239,
      "Recall": 0.5220581318779776
    },
    "Connective": {
      "TP": 7430,
      "FP": 9340,
      "FN": 9326,
      "IoU_sum": 5506.105145425354,
      "PQ": 0.2802693537941719,
      "DQ": 0.4432380838749369,
      "SQ": 0.7410639495851875,
      "F1": 0.4432380838750692,
      "Precision": 0.44305307095978347,
      "Recall": 0.443423251372378
    },
    "Dead": {
      "TP": 241,
      "FP": 436,
      "FN": 643,
      "IoU_sum": 167.0965888169503,
      "PQ": 0.0934439899382189,
      "DQ": 0.3087764253643975,
      "SQ": 0.6933468415353394,
      "F1": 0.30877642536637556,
      "Precision": 0.35598227473624844,
      "Recall": 0.27262443438605627
    },
    "Epithelial": {
      "TP": 4577,
      "FP": 3554,
      "FN": 4293,
      "IoU_sum": 3509.7537472697536,
      "PQ": 0.3560100346188438,
      "DQ": 0.5384389153572866,
      "SQ": 0.7668240653838946,
      "F1": 0.5384389153576034,
      "Precision": 0.5629073914640722,
      "Recall": 0.5160090191651454
    }
  }
}