{
  "PQ": 0.4589059730595549,
  "DQ": 0.5906925507305052,
  "SQ": 0.753476818375892,
  "F1": 0.5906925459579517,
  "Precision": 0.5936940634702657,
  "Recall": 0.6093166188488987,
  "cls_acc": 0.8410181922426407,
  "per_class": {
    "Neoplastic": {
      "PQ": 0.3683786824157597,
      "DQ": 0.4639464652147879,
      "SQ": 0.6625814560584369
    },
    "Inflammatory": {
      "PQ": 0.29252304419998476,
      "DQ": 0.36350621597189264,
      "SQ": 0.4712968684381524
    },
    "Connective": {
      "PQ": 0.2608656494269422,
      "DQ": 0.3483655627769807,
      "SQ": 0.5261362498456884
    },
    "Dead": {
      "PQ": 0.12856852923808823,
      "DQ": 0.18266263832990315,
      "SQ": 0.28545942028593535
    },
    "Epithelial": {
      "PQ": 0.3314461283106809,
      "DQ": 0.431085440954387,
      "SQ": 0.6191145442767458
    }
  }
}