{
  "TP": 39135,
  "FP": 25619,
  "FN": 27519,
  "IoU_sum": 30494.68732775844,
  "PQ": 0.4641222349895562,
  "DQ": 0.5956258370874535,
  "SQ": 0.779217767414096,
  "F1": 0.5956258320884988,
  "Precision": 0.6043642091607307,
  "Recall": 0.5871365559455416,
  "cls_acc": 0.7237219988512349,
  "global_cls_acc": 0.7237219988512349,
  "per_class": {
    "Neoplastic": {
      "TP": 14209,
      "FP": 12884,
      "FN": 14262,
      "IoU_sum": 11269.90049740586,
      "PQ": 0.4056547583831907,
      "DQ": 0.5114462601682703,
      "SQ": 0.7931522624673044,
      "F1": 0.5114462551713457,
      "Precision": 0.5244528106889143,
      "Recall": 0.4990692283374314
    },
    "Inflammatory": {
      "TP": 5964,
      "FP": 4503,
      "FN": 4861,
      "IoU_sum": 4756.996192745543,
      "PQ": 0.44683413420449697,
      "DQ": 0.5602104076643244,
      "SQ": 0.7976184092450649,
      "F1": 0.5602104026657378,
      "Precision": 0.5697907709940099,
      "Recall": 0.5509468822165811
    },
    "Connective": {
      "TP": 7983,
      "FP": 10075,
      "FN": 9458,
      "IoU_sum": 6019.7970909798605,
      "PQ": 0.3391530516902712,
      "DQ": 0.44975914814476475,
      "SQ": 0.7540770501030089,
      "F1": 0.44975914314627524,
      "Precision": 0.44207553438894553,
      "Recall": 0.4577145805857131
    },
    "Dead": {
      "TP": 265,
      "FP": 493,
      "FN": 792,
      "IoU_sum": 185.79252863042657,
      "PQ": 0.2047300590946328,
      "DQ": 0.2920110192805288,
      "SQ": 0.7011038815977945,
      "F1": 0.2920110144162224,
      "Precision": 0.3496042216312717,
      "Recall": 0.2507095553429451
    },
    "Epithelial": {
      "TP": 4712,
      "FP": 3666,
      "FN": 4148,
      "IoU_sum": 3681.223735830227,
      "PQ": 0.42710566606635986,
      "DQ": 0.5466991530333604,
      "SQ": 0.7812444261083222,
      "F1": 0.5466991480372696,
      "Precision": 0.5624253998560964,
      "Recall": 0.531828442437323
    }
  }
}