{
  "TP": 37961,
  "FP": 27138,
  "FN": 25257,
  "IoU_sum": 29341.75286162653,
  "PQ": 0.4573322764968314,
  "DQ": 0.5916753041295243,
  "SQ": 0.7729446764210322,
  "F1": 0.5916752991305989,
  "Precision": 0.583127236977437,
  "Recall": 0.6004777120439432,
  "cls_acc": 0.78801261829653,
  "global_cls_acc": 0.78801261829653,
  "per_class": {
    "Neoplastic": {
      "TP": 14073,
      "FP": 14407,
      "FN": 12128,
      "IoU_sum": 11046.883013432922,
      "PQ": 0.4040483170910876,
      "DQ": 0.5147308937288949,
      "SQ": 0.7849700144549898,
      "F1": 0.5147308887375802,
      "Precision": 0.49413623595488265,
      "Recall": 0.5371169039347593
    },
    "Inflammatory": {
      "TP": 5740,
      "FP": 4124,
      "FN": 5080,
      "IoU_sum": 4557.060136767532,
      "PQ": 0.44063625379647314,
      "DQ": 0.5550183716877247,
      "SQ": 0.7939129158117757,
      "F1": 0.555018366698406,
      "Precision": 0.5819140308185503,
      "Recall": 0.5304990757850919
    },
    "Connective": {
      "TP": 7354,
      "FP": 9881,
      "FN": 9034,
      "IoU_sum": 5494.9245472978755,
      "PQ": 0.32685510200128526,
      "DQ": 0.4374386580611858,
      "SQ": 0.7472021413231443,
      "F1": 0.43743865306435875,
      "Precision": 0.4266898752535963,
      "Recall": 0.4487429826699727
    },
    "Dead": {
      "TP": 405,
      "FP": 549,
      "FN": 562,
      "IoU_sum": 286.29799502758993,
      "PQ": 0.29807183240459056,
      "DQ": 0.4216553878144544,
      "SQ": 0.7069086296802983,
      "F1": 0.4216553828146834,
      "Precision": 0.4245283018823425,
      "Recall": 0.41882109616940205
    },
    "Epithelial": {
      "TP": 4584,
      "FP": 3982,
      "FN": 4258,
      "IoU_sum": 3520.6090942708943,
      "PQ": 0.4044817433670553,
      "DQ": 0.5266544117641008,
      "SQ": 0.7680211811219926,
      "F1": 0.5266544067653577,
      "Precision": 0.5351389213162092,
      "Recall": 0.5184347432701668
    }
  }
}